Date_Scanned,Raw_AI_Guess,Final_Corrected_Code
2026-03-02 00:52:44,Ds-O8-134988,05-08-134988
2026-03-02 00:47:44,4a 02-14-43387| RZ,02-14-433871
2026-03-02 00:42:44,04-15-531453,04-15-531453
2026-03-02 00:37:44,Kd-04 - [ Ele09 - ]3-985140 ,09-13-985140
2026-03-02 00:32:44,D7-08 771617,07-08-771617
2026-03-02 00:27:44,4a 03ZD-99670 9-IN,08-20-996709
2026-03-02 00:22:44,XD.0 2~2|-327777IN,02-21-327777
2026-03-02 00:17:44,Kd-04  -  [ Ele0712-147657,07-12-147657
2026-03-02 00:12:44,Kd-04  -  [ Ele01-18-66753| RZ,01-18-667531
2026-03-02 00:07:44,09-Z2-91017],09-22-910171
2026-03-02 00:02:44, 42 3-34767Q,04-23-347670
2026-03-01 23:57:44,4a 10-  .58480 3 RZ,10-10-584803
2026-03-01 23:52:44,O4 10-8O9047,04-10-809047
2026-03-01 23:47:44,Kd-Q4 - [ Ele06-[3.1 96332 ,06-13-196332
2026-03-01 23:42:44,Kd04 - [ Ele03-1 6 898569-IN,03-16-898569
2026-03-01 23:37:44,07 - 16-943s1S,07-16-943515
2026-03-01 23:32:44,O4 -  6-2 46786,04-06-246786
2026-03-01 23:27:44,4a 0[-QS-902S1S,01-05-902515
2026-03-01 23:22:44,XD-| -O5-43S 270 RZ,10-05-435270
2026-03-01 23:17:44,XD-10~]4.385043,10-14-385043
2026-03-01 23:12:44,01.25-682B79,01-25-682879
2026-03-01 23:07:44, 4-[Q  6147|,04-10-161471
2026-03-01 23:02:44, 8I4-992199,08-14-992199
2026-03-01 22:57:44,D3 7-900ZOs,08-17-900205
2026-03-01 22:52:44,Kd- 4 - [ EleQ7-18  -  265335',07-18-265335
2026-03-01 22:47:44,1  19-907379,10-19-907379
2026-03-01 22:42:44,XD.03 - 17-782s66-IN,03-17-782566
2026-03-01 22:37:44,l0-25-571992,10-25-571992
2026-03-01 22:32:44,01-08-14S9Q9,01-08-145909
2026-03-01 22:27:44,D5 -[0.9241Z8,05-10-924128
2026-03-01 22:22:44, 9-Z5 -267695,09-25-267695
2026-03-01 22:17:44,Kd.04 - [ Ele03-09-44935 s,08-09-449355
2026-03-01 22:12:44,Q2-07-568966,02-07-568966
2026-03-01 22:07:44,XD - O7-1s - Z660 1 0 IN,07-15-266010
2026-03-01 22:02:44,11 -]1~14 45 9,11-11-141459
2026-03-01 21:57:44,Q7~Q8-158738,07-08-158788
2026-03-01 21:52:44,Q2 ~Z4-46787 ,02-24-467870
2026-03-01 21:47:44,Kd-0 4 - [ Ele08 -09- 267B95,08-09-267895
2026-03-01 21:42:44,02  19 448548,02-19-448548
2026-03-01 21:37:44, 9-19-567547,09-19-567547
2026-03-01 21:32:44,XD-05 [9-744899 RZ,05-19-744899
2026-03-01 21:27:44,03-13-2Q4088,03-13-204088
2026-03-01 21:22:44,4a 11 - Q7-808929-IN,11-07-808929
2026-03-01 21:17:44,4a l0.19-40 S97 RZ,10-19-401597
2026-03-01 21:12:44,D3-06463190,03-06-463190
2026-03-01 21:07:44,D4-09 647460,04-09-647460
2026-03-01 21:02:44,D4~2]-878829,04-21-878829
2026-03-01 20:57:44,[0 - Is-30 589 ,10-15-305891
2026-03-01 20:52:44,XD-[0-|D-360805.IN,10-10-360805
2026-03-01 20:47:44, 4- 23~644746,04-23-644746
2026-03-01 20:42:44,Q2 - D5-649857,02-05-649857
2026-03-01 20:37:44,0I-2 5-797|19,01-25-797119
2026-03-01 20:32:44,XD-07-D7-99]793 RZ,07-07-991793
2026-03-01 20:27:44,XD-1 2-21-8 73 294 RZ,12-21-873294
2026-03-01 20:22:44,12-12-2Z176D,12-12-221760
2026-03-01 20:17:44,O6 25-550373,06-25-550373
2026-03-01 20:12:44,Kd-04   [ Ele01- 2 - 461B26,01-12-461826
2026-03-01 20:07:44,XD - 06-14-6]6970,06-14-616970
2026-03-01 20:02:44,03 15~3974 7,03-15-397407
2026-03-01 19:57:44,4a 09-16-4s4639IN,09-16-454689
2026-03-01 19:52:44,4a 10-17-9945 57',10-17-994557
2026-03-01 19:47:44,XD - 09~15-8 73]63,09-15-873163
2026-03-01 19:42:44,Kd~O4   [ Ele0 7 1 3-47B373 RZ,07-13-478373
2026-03-01 19:37:44,1| - 16-980164,11-16-980164
2026-03-01 19:32:44,04-24~99508 5,04-24-995085
2026-03-01 19:27:44,05-15-371 341,05-15-871841
2026-03-01 19:22:44,XD 05 0 3-9362B8',05-08-936288
2026-03-01 19:17:44,Kd04  -  [ EleI0-20-297658-IN,10-20-297658
2026-03-01 19:12:44,D6-]8 .168760,06-18-168760
2026-03-01 19:07:44,1 -1l~204Q49,11-11-204049
2026-03-01 19:02:44,4a  6-2s5 617Z0IN,06-25-561720
2026-03-01 18:57:44,08.0 s-9Q7959,08-05-907959
2026-03-01 18:52:44,O4 17-B35988,04-17-835988
2026-03-01 18:47:44,0 4 - 15- 279806,04-15-279806
2026-03-01 18:42:44,1 2 - 12~796933,12-12-796933
2026-03-01 18:37:44,XD-0Z09-995217 RZ,02-09-995217
2026-03-01 18:32:44,06.10 -1985S9,06-10-198559
2026-03-01 18:27:44,1  1459I906,10-14-591906
2026-03-01 18:22:44,XDD3Z0-8652S1 ,03-20-865251
2026-03-01 18:17:44,Kd - O4 - [ Ele08~15-]O4605',08-15-104605
2026-03-01 18:12:44,|0-17-346693,10-17-346693
2026-03-01 18:07:44,11 23-37707s,11-23-877075
2026-03-01 18:02:44,Q6 - ]1.87917Z,06-11-879172
2026-03-01 17:57:44,XD-0Z~06.969143~IN,02-06-969143
2026-03-01 17:52:44,10 - 19-327347,10-19-327847
2026-03-01 17:47:44,O2-16 73658B,02-16-736588
2026-03-01 17:42:44,XD.12-05 -347367 RZ,12-05-347367
2026-03-01 17:37:44,4a 1 Z-18-355s71-IN,12-18-355571
2026-03-01 17:32:44, 2 - ]0-86O214,12-10-860214
2026-03-01 17:27:44,XD - 0 2- 23-460019,02-23-460019
2026-03-01 17:22:44,XD-Q2~O6-931340~IN,02-06-931340
2026-03-01 17:17:44,020845674I,02-08-456741
2026-03-01 17:12:44,Kd0 4 - [ Ele0 2 ]9-6221 26 IN,02-19-622126
2026-03-01 17:07:44,0Z~1 2-2Q1243,02-12-201243
2026-03-01 17:02:44,4a 03-15-Z48 396,03-15-248396
2026-03-01 16:57:44,Kd - 0 4 - [ Ele01-Q5 - 8910S5',01-05-891055
2026-03-01 16:52:44,O9~09 - l48363,09-09-148363
2026-03-01 16:47:44,XD-|l~0 8 -Z5 198 6',11-08-251986
2026-03-01 16:42:44,01~08 - 221694,01-08-221694
2026-03-01 16:37:44,03-0B-53Q9I7,08-08-530917
2026-03-01 16:32:44,]Z.2Z-403s31,12-22-408531
2026-03-01 16:27:44,0Z-[4 6 23591,02-14-623591
2026-03-01 16:22:44,4a O3-13-352623~IN,03-13-352628
2026-03-01 16:17:44,Kd- 4   [ Ele11-17.41Z186 RZ,11-17-412186
2026-03-01 16:12:44,XD12  2 1-673316,12-21-673316
2026-03-01 16:07:44,4a 0 5~092 94112-IN,05-09-294112
2026-03-01 16:02:44,4a  9-2 4 B0276D,09-24-802760
2026-03-01 15:57:44,XD- l-12 .435776.IN,01-12-435776
2026-03-01 15:52:44,Kd 04  [ Ele07-12 - 7s632  RZ,07-12-756321
2026-03-01 15:47:44, 6-24-l|4683,06-24-114683
2026-03-01 15:42:44,Kd 04 - [ Ele09-10 97s748  RZ,09-10-975748
2026-03-01 15:37:44,XD-O8 -13 S922 S7-IN,08-13-592257
2026-03-01 15:32:44,07-07 6722 86,07-07-672286
2026-03-01 15:27:44,XD-07-17-2s2615',07-17-252615
2026-03-01 15:22:44,0B- 2 .9867D ,08-21-986701
2026-03-01 15:17:44,XD-08 -10-764S63,08-10-764563
2026-03-01 15:12:44,XD.11-18 - 7 20327IN,11-18-720327
2026-03-01 15:07:44,Kd- 4   [ Ele04-0 s~83B|l3,04-05-838113
2026-03-01 15:02:44,XDO4-0S1 08 984 RZ,04-05-108984
2026-03-01 14:57:44,Kd-04 - [ Ele11-13-436331,11-13-436331
2026-03-01 14:52:44,XD-12-Z4~S99368 RZ,12-24-599368
2026-03-01 14:47:44,XD.06- 5-557977-IN,06-05-557977
2026-03-01 14:42:44,|0 24 862093,10-24-862093
2026-03-01 14:37:44,O9-16 B91694,09-16-891694
2026-03-01 14:32:44,Kd 04   [ Ele02-1 6-399343 RZ,02-16-399343
2026-03-01 14:27:44,1|-D713777 2,11-07-187772
2026-03-01 14:22:44,4a 1Q. 6-Z331 47,10-06-283147
2026-03-01 14:17:44,09-08-2918 76,09-08-291876
2026-03-01 14:12:44,4a O9~0 s-167932 RZ,09-05-167932
2026-03-01 14:07:44,Q6~ 25-759497,06-25-759497
2026-03-01 14:02:44,01-21-385960,01-21-385960
2026-03-01 13:57:44,Kd-04 - [ Ele04- 9 - 8|4l43 RZ,04-09-814143
2026-03-01 13:52:44,07-Z3 74|35 2,07-23-741852
2026-03-01 13:47:44,4a D6 18-6486Z3IN,06-18-648623
2026-03-01 13:42:44,08 -07-196388,08-07-196388
2026-03-01 13:37:44,12 - 22-766663,12-22-766663
2026-03-01 13:32:44,[2 - ]7-5O2449,12-17-502449
2026-03-01 13:27:44,4a 07-21803475 ',07-21-803475
2026-03-01 13:22:44,Kd - Q4 - [ Ele06-1B.355257',06-18-855257
2026-03-01 13:17:44,0Z0B-9O15 91,02-08-901591
2026-03-01 13:12:44,Kd-04 . [ Ele01 -13-653659,01-13-653659
2026-03-01 13:07:44,01.18-4392 0 4,01-18-439204
2026-03-01 13:02:44,Kd~04 - [ Ele101 9-9863D7',10-19-986807
2026-03-01 12:57:44,11-05-2 8 45 17,11-05-284517
2026-03-01 12:52:44,D4-06-78 34D3,04-06-783403
2026-03-01 12:47:44,D6-1s-Z495 23,06-15-249523
2026-03-01 12:42:44,4a 07-05-4 790 0 RZ,07-05-417900
2026-03-01 12:37:44,1 2 16-406262,12-16-406262
2026-03-01 12:32:44,4a 01~0B667]59-IN,01-08-667159
2026-03-01 12:27:44,03-20 - 1240 25,03-20-124025
2026-03-01 12:22:44,09-14.109566,09-14-109566
2026-03-01 12:17:44,4a O3-10-17596 2',03-10-175962
2026-03-01 12:12:44,4a 08 .10-140Q05  RZ,08-10-140005
2026-03-01 12:07:44,06-22 -905 84 2,06-22-905842
2026-03-01 12:02:44,4a 1  19899466,11-19-899466
2026-03-01 11:57:44, 9 - 23-4 4605 ,09-23-414605
2026-03-01 11:52:44,XD-08- 2|-77932Z',08-21-779322
2026-03-01 11:47:44,4a 0 9-21 282 D24',09-21-282024
2026-03-01 11:42:44,XD-12- 2 241I376.IN,12-22-411376
2026-03-01 11:37:44,XD-02  - 05.56 946 IN,02-05-561946
2026-03-01 11:32:44,12|6-32382[,12-16-323821
2026-03-01 11:27:44,Kd-04 - [ Ele11-23.5[O340',11-23-510340
2026-03-01 11:22:44,09|  236S96,09-11-286596
2026-03-01 11:17:44,XD-1l-l6-980765,11-16-980765
2026-03-01 11:12:44,12-13-64 2097,12-13-642097
2026-03-01 11:07:44,Kd.04 . [ Ele03-08-5572 40 RZ,03-08-557240
2026-03-01 11:02:44,I2-1[-353938 ,12-11-353938
2026-03-01 10:57:44,Kd-04 ~ [ Ele0 5-16-833647-IN,05-16-838647
2026-03-01 10:52:44,XD-[ -197738 46-IN,10-19-773846
2026-03-01 10:47:44,Kd-04 - [ EleQ7 - 15 -99|4 2B',07-15-991428
2026-03-01 10:42:44,11 .2|.18 2210,11-21-182210
2026-03-01 10:37:44,Kd - O4 ~ [ Ele09-17-9252 74.IN,09-17-925274
2026-03-01 10:32:44,XD-040 6~6D1083-IN,04-06-601083
2026-03-01 10:27:44,06 14-195 167,06-14-195167
2026-03-01 10:22:44,Kd - 04   [ Ele04. 21-6995 2 6',04-21-699526
2026-03-01 10:17:44,11-13 225]76,11-13-225176
2026-03-01 10:12:44,10 - Z4 - 644301,10-24-644801
2026-03-01 10:07:44,4a 04 Z1-961416,04-21-961416
2026-03-01 10:02:44,XD-01~Zs-80]939 RZ,01-25-801939
2026-03-01 09:57:44,Kd 04  -  [ Ele09-16-157917-IN,09-16-157917
2026-03-01 09:52:44, 5-| 2.815B28,05-12-815828
2026-03-01 09:47:44,09~10-5 72203,09-10-572203
2026-03-01 09:42:44,11-2 1-5962|9,11-21-596219
2026-03-01 09:37:44,Kd.04 - [ EleDB-0 9-243S41',08-09-243541
2026-03-01 09:32:44,4a 12-24-B4l694,12-24-841694
2026-03-01 09:27:44,Q6 - 2|-8563l6,06-21-856316
2026-03-01 09:22:44, Q-12-443911,10-12-443911
2026-03-01 09:17:44,122Z ]Z64s7,12-22-126457
2026-03-01 09:12:44,0I-21-66810 9,01-21-668109
2026-03-01 09:07:44,Kd-04  -  [ Ele11 - [7 58232B',11-17-582328
2026-03-01 09:02:44,Kd - 04 - [ Ele1 215-882 73D,12-15-882730
2026-03-01 08:57:44, 3 -  8-739397,08-08-739397
2026-03-01 08:52:44,11  25 -930063,11-25-930063
2026-03-01 08:47:44,Kd-Q4 . [ Ele04 -  0~9l7661 RZ,04-10-917661
2026-03-01 08:42:44,Kd.04 . [ EleQ7-0s16Z694',07-05-162694
2026-03-01 08:37:44,XD-O405-667348',04-05-667348
2026-03-01 08:32:44,Kd-04   [ Ele06-1 8-862607 RZ,06-18-862607
2026-03-01 08:27:44,4a 07-13 - 188396,07-13-188396
2026-03-01 08:22:44,XD.0 3-11-3sO987,08-11-350987
2026-03-01 08:17:44,XD.07-11-440s2 9 RZ,07-11-440529
2026-03-02 00:55:14,4a 20-04-40 282 258 RZ,04-18-222258
2026-03-02 00:57:26,J R J4Xd-12-]9-210' €,12-19-210961
2026-03-02 01:15:22,052477722,05-24-7391048
2026-03-02 01:18:18,09-24-387,09-24-3871905
2026-03-02 01:19:36,40-606-10541873,06-18-1111174
2026-03-02 23:10:01,12-19-210961
